{
  "experiment": "example",
  "min_len": 150,
  "timestamp": "2026-02-27T16:15:07",
  "overall": {
    "total": 165273,
    "short": 56165,
    "unmatched": 7495,
    "matched": 101613,
    "discard_rate": 0.33983167244498497,
    "short_rate": 0.33983167244498497,
    "unmatched_rate": 0.045349210094812825,
    "matched_rate": 0.6148191174602022
  },
  "per_population": [
    {
      "population": "P1",
      "gw_name": "P22R1",
      "counts": {
        "total": 165273,
        "short": 56165,
        "unmatched": 7495,
        "matched": 101613
      }
    }
  ]
}