{
  "experiment": "example",
  "min_len": 100,
  "timestamp": "2026-02-27T20:01:40",
  "overall": {
    "total": 165273,
    "short": 50791,
    "unmatched": 8853,
    "matched": 105629,
    "discard_rate": 0.3073157745064227,
    "short_rate": 0.3073157745064227,
    "unmatched_rate": 0.053565918208055764,
    "matched_rate": 0.6391183072855215
  },
  "per_population": [
    {
      "population": "P1",
      "gw_name": "P22R1",
      "counts": {
        "total": 165273,
        "short": 50791,
        "unmatched": 8853,
        "matched": 105629
      }
    }
  ]
}